id;title;type;visibility;description;edited_by;edited_at;attachments;response_to_comment_id
1;ha;de façon que;énorme;davantage;ha revenir;2024-01-22;par suite de sitôt que;2632
2;habile prout;brave bien que à l'insu de;sous avant de grandement;abriter patientèle;charitable réserver sous couleur de;2024-01-22;puisque;26956
3;adepte super vouh;au défaut de pis;alors que du fait que magnifique;miaou;arrêter;2024-01-21;devant dès cadre;6881
4;bof;hystérique sage ci;en bas de;propre;pour que tranquille;2024-01-22;ouah corps enseignant assez;7426
5;toc-toc;sitôt que;afin que conseil d’administration ailleurs;de façon à;aspirer snif cocorico;2024-01-22;chut;14788
6;meuh jamais parlementaire;de façon à ce que gratis tant que;sombre de peur que;quoique;secours meuh à peine;2024-01-22;moderne équilibrer;19377
7;en guise de tsoin-tsoin afin de;parce que extra au moyen de;personnel grâce à;athlète ha ha;de crainte que lier bientôt;2024-01-21;bientôt;11361
8;devant;quand;étant donné que;atchoum clientèle dès;éliminer comment;2024-01-22;ronron entre;6475
9;tousser;au cas où essayer secouriste;malgré de crainte que;chef de cuisine jamais personnel professionnel;soudain;2024-01-22;atchoum avant autrement;27713
10;fier;avant que plouf simple;ralentir;gai;gratis sauf d’autant que;2024-01-22;snob complètement;4703
