id;name;phone;siret;address;email;contact_person;contact_person_phone;contact_person_email;size;notes
1;candide feindre;0495991779;guère tchou tc;émérite passager;Eudoxie.Lucas4@hotmail.fr;peut-être;quoique juriste;ouin d'avec horrible;concernant même si spécialiste;de façon que autant du fait que
2;prout hi rompre;0781469362;à condition qu;dans la mesure où;Leon_Laurent@hotmail.fr;où ah;avouer toc lave;areu areu;oui émouvoir;pour que
3;d'après de façon à biathlète;+33 490516482;police dans la;à l'exception de extrêmement;Arnaud.Marie@hotmail.fr;ronron ha ha limiter;rédaction englo;bof pour que;lasser toujours de façon à ce que;aux environs de si bien que
4;contre environ de sorte que;0298673128;bèXXXXXXXXXXXX;là nonobstant après-demain;Vianney52@hotmail.fr;à partir de dès abattre;identifier;vroum affable de;dense cot cot;divinement pourpre
5;tic-tac;0629479457;debout cornerX;bof charitable rectangulaire;Christodule_Garcia32@hotmail.fr;électorat céans conseil d’administration;tout en vérité;jeune à l'entour de juriste;bè vorace;quand ouin
6;de peur de pour que;+33 609420328;éprouver pin-p;rédaction malade collègue;Coraline_Pons9@yahoo.fr;biathlète;à la faveur de ;quand ?;préoccuper bien que fourbe;multiple capter hé
7;porte-parole;+33 781424817;personnel prof;sitôt que porte-parole;Sabine_Girard28@gmail.com;grimper;à la faveur de ;responsable;clac adversaire;quand naguère pressentir
8;smack;0332414731;plouf extraXXX;lasser;Ernest_Dupuis@yahoo.fr;dehors isoler adversaire;touriste;concernant à demi;du moment que tellement vaste;au-delà sitôt dans la mesure où
9;avant-hier;+33 663358000;mélancolique s;oups athlète;Constantin_Dumont21@gmail.com;avant que pauvre;athlète;redevenir;vu que;secouriste alors que dissiper
10;maintenant que hé;0428794814;débile dissimu;plouf;Germain89@yahoo.fr;au cas où reconstituer;ronron hé;séculaire dans la mesure où infime;en vérité de façon que;hôte psitt
