id;title;description;created_by;created_at;attachments;notes
1;naguère hors de;jusqu’à ce que deçà;énorme;2024-01-21;oh tant que;tant
2;soit;derrière;errer euh;2024-01-21;à travers au point que;membre à vie altruiste tard
3;bien que dénoncer deçà;arrière;biathlète fidèle au-dehors;2024-01-21;sans que sauf à retracer;quoique
4;à condition que;à demi areu areu;collègue promettre;2024-01-21;vivace outre recta;en dehors de aussitôt que filer
5;de sorte que;guère délégation vu que;euh vendre partenaire;2024-01-21;foule insulter;biathlète rudement
6;afin que tic-tac déceler;alors que;athlète vaste nonobstant;2024-01-22;également biathlète orange;capter dès que
7;même si officier moyennant;obliger pschitt;toc-toc dès que aux alentours de;2024-01-21;au prix de bondir sympathique;hé garantir
8;parlementaire;de peur de badaboum;comme;2024-01-22;clientèle secouriste dans la mesure où;y exprès
9;interdire de façon à ce que parfois;bof;ça accumuler;2024-01-22;puisque brusque;administration commis de cuisine turquoise
10;d'après accéder;toujours;pacifique;2024-01-22;à cause de en dedans de;coin-coin
